<?xml version="1.0" encoding="UTF-8"?>
<project-private xmlns="http://www.netbeans.org/ns/project-private/1">
    <editor-bookmarks xmlns="http://www.netbeans.org/ns/editor-bookmarks/2" lastBookmarkId="0"/>
    <open-files xmlns="http://www.netbeans.org/ns/projectui-open-files/2">
        <group>
            <file>file:/C:/Users/asifm/Documents/NetBeansProjects/Midterm_1234567_Sec3/src/midterm_1234567_sec3/Main.java</file>
            <file>file:/C:/Users/asifm/Documents/NetBeansProjects/Midterm_1234567_Sec3/src/midterm_1234567_sec3/MidExamSceneController.java</file>
            <file>file:/C:/Users/asifm/Documents/NetBeansProjects/Midterm_1234567_Sec3/src/midterm_1234567_sec3/CartItem.java</file>
        </group>
    </open-files>
</project-private>
